{
    "21a9ce77-49bc-41f0-8723-959aa8cf5ceb": {
        "architecture": "CPU",
        "executionTime_ms": 7.561466,
        "matrixSize": 63
    },
    "5a4dcfbe-a6fd-44a6-b402-720979767917": {
        "architecture": "GPU",
        "executionTime_ms": 0.529546,
        "matrixSize": 94
    },
    "6863816e-06be-4761-9bc2-47c0ad6c2bf4": {
        "architecture": "CPU",
        "executionTime_ms": 4.461132,
        "matrixSize": 54
    },
    "75e4b7e6-4148-43ca-9503-b09503656627": {
        "architecture": "CPU",
        "executionTime_ms": 0.125317,
        "matrixSize": 13
    },
    "87ccb637-1da5-4da0-899d-174fb0a15598": {
        "architecture": "GPU",
        "executionTime_ms": 0.706301,
        "matrixSize": 95
    },
    "b7210ba0-9aa6-4cf8-8dd4-d0481d63028b": {
        "architecture": "GPU",
        "executionTime_ms": 0.278629,
        "matrixSize": 88
    },
    "bd8a14e6-aaf8-446b-8ce7-2661e7d2d416": {
        "architecture": "CPU",
        "executionTime_ms": 0.150825,
        "matrixSize": 17
    },
    "c351f045-1c2e-45ea-b60f-1d592fae75d2": {
        "architecture": "CPU",
        "executionTime_ms": 0.811442,
        "matrixSize": 32
    },
    "de1fae13-dcb9-4646-b62b-47d94e3ffab8": {
        "architecture": "GPU",
        "executionTime_ms": 0.679335,
        "matrixSize": 92
    },
    "f13dd77b-dd1e-4adf-afae-8dc7f7468e94": {
        "architecture": "CPU",
        "executionTime_ms": 2.046831,
        "matrixSize": 37
    }
}