{
    "2025-04-25_00-20-52": {
        "100x100": {
            "avg_CPU_ms": 1000000000.0,
            "avg_GPU_ms": 0.06733266666666667
        },
        "10x10": {
            "avg_CPU_ms": 0.033744699999999996,
            "avg_GPU_ms": 1000000000.0
        },
        "11x11": {
            "avg_CPU_ms": 0.045776222222222225,
            "avg_GPU_ms": 1000000000.0
        },
        "12x12": {
            "avg_CPU_ms": 0.063687,
            "avg_GPU_ms": 1000000000.0
        },
        "13x13": {
            "avg_CPU_ms": 0.10192063636363637,
            "avg_GPU_ms": 1000000000.0
        },
        "14x14": {
            "avg_CPU_ms": 0.10243164285714286,
            "avg_GPU_ms": 1000000000.0
        },
        "15x15": {
            "avg_CPU_ms": 0.11343049999999999,
            "avg_GPU_ms": 1000000000.0
        },
        "16x16": {
            "avg_CPU_ms": 0.15165728571428572,
            "avg_GPU_ms": 1000000000.0
        },
        "17x17": {
            "avg_CPU_ms": 0.1880683333333333,
            "avg_GPU_ms": 1000000000.0
        },
        "18x18": {
            "avg_CPU_ms": 0.20355514285714285,
            "avg_GPU_ms": 1000000000.0
        },
        "19x19": {
            "avg_CPU_ms": 0.24453620000000004,
            "avg_GPU_ms": 1000000000.0
        },
        "20x20": {
            "avg_CPU_ms": 0.3297775714285714,
            "avg_GPU_ms": 1000000000.0
        },
        "21x21": {
            "avg_CPU_ms": 0.32163188888888894,
            "avg_GPU_ms": 1000000000.0
        },
        "22x22": {
            "avg_CPU_ms": 0.428264,
            "avg_GPU_ms": 1000000000.0
        },
        "23x23": {
            "avg_CPU_ms": 0.43596191666666667,
            "avg_GPU_ms": 1000000000.0
        },
        "24x24": {
            "avg_CPU_ms": 0.47284229999999994,
            "avg_GPU_ms": 1000000000.0
        },
        "25x25": {
            "avg_CPU_ms": 0.845169,
            "avg_GPU_ms": 1000000000.0
        },
        "26x26": {
            "avg_CPU_ms": 0.5644886,
            "avg_GPU_ms": 1000000000.0
        },
        "27x27": {
            "avg_CPU_ms": 0.6580934999999999,
            "avg_GPU_ms": 1000000000.0
        },
        "28x28": {
            "avg_CPU_ms": 0.7627789090909091,
            "avg_GPU_ms": 1000000000.0
        },
        "29x29": {
            "avg_CPU_ms": 0.7487667272727273,
            "avg_GPU_ms": 1000000000.0
        },
        "2x2": {
            "avg_CPU_ms": 0.0021706,
            "avg_GPU_ms": 1000000000.0
        },
        "30x30": {
            "avg_CPU_ms": 0.9201798181818183,
            "avg_GPU_ms": 1000000000.0
        },
        "31x31": {
            "avg_CPU_ms": 1.0280846666666668,
            "avg_GPU_ms": 1000000000.0
        },
        "32x32": {
            "avg_CPU_ms": 1.0451628000000002,
            "avg_GPU_ms": 1000000000.0
        },
        "33x33": {
            "avg_CPU_ms": 1.1218278,
            "avg_GPU_ms": 1000000000.0
        },
        "34x34": {
            "avg_CPU_ms": 1.2211963750000001,
            "avg_GPU_ms": 1000000000.0
        },
        "35x35": {
            "avg_CPU_ms": 1.7267168333333334,
            "avg_GPU_ms": 1000000000.0
        },
        "36x36": {
            "avg_CPU_ms": 1.7256828333333332,
            "avg_GPU_ms": 1000000000.0
        },
        "37x37": {
            "avg_CPU_ms": 1.7149767692307694,
            "avg_GPU_ms": 1000000000.0
        },
        "38x38": {
            "avg_CPU_ms": 1.7378327692307696,
            "avg_GPU_ms": 1000000000.0
        },
        "39x39": {
            "avg_CPU_ms": 1.8291748888888888,
            "avg_GPU_ms": 1000000000.0
        },
        "3x3": {
            "avg_CPU_ms": 0.002826,
            "avg_GPU_ms": 1000000000.0
        },
        "40x40": {
            "avg_CPU_ms": 2.3122178750000004,
            "avg_GPU_ms": 1000000000.0
        },
        "41x41": {
            "avg_CPU_ms": 2.401803,
            "avg_GPU_ms": 1000000000.0
        },
        "42x42": {
            "avg_CPU_ms": 2.530109055555555,
            "avg_GPU_ms": 1000000000.0
        },
        "43x43": {
            "avg_CPU_ms": 2.6694560000000003,
            "avg_GPU_ms": 1000000000.0
        },
        "44x44": {
            "avg_CPU_ms": 2.65280025,
            "avg_GPU_ms": 1000000000.0
        },
        "45x45": {
            "avg_CPU_ms": 2.8618445,
            "avg_GPU_ms": 1000000000.0
        },
        "46x46": {
            "avg_CPU_ms": 3.399782,
            "avg_GPU_ms": 1000000000.0
        },
        "47x47": {
            "avg_CPU_ms": 3.4267863,
            "avg_GPU_ms": 1000000000.0
        },
        "48x48": {
            "avg_CPU_ms": 3.6120785714285715,
            "avg_GPU_ms": 1000000000.0
        },
        "49x49": {
            "avg_CPU_ms": 4.214499375,
            "avg_GPU_ms": 1000000000.0
        },
        "4x4": {
            "avg_CPU_ms": 0.0054907692307692305,
            "avg_GPU_ms": 1000000000.0
        },
        "50x50": {
            "avg_CPU_ms": 4.275818333333333,
            "avg_GPU_ms": 1000000000.0
        },
        "51x51": {
            "avg_CPU_ms": 4.671180538461538,
            "avg_GPU_ms": 1000000000.0
        },
        "52x52": {
            "avg_CPU_ms": 4.7423766,
            "avg_GPU_ms": 1000000000.0
        },
        "53x53": {
            "avg_CPU_ms": 4.734881700000001,
            "avg_GPU_ms": 1000000000.0
        },
        "54x54": {
            "avg_CPU_ms": 5.678123142857144,
            "avg_GPU_ms": 1000000000.0
        },
        "55x55": {
            "avg_CPU_ms": 5.661075250000001,
            "avg_GPU_ms": 1000000000.0
        },
        "56x56": {
            "avg_CPU_ms": 6.349298142857143,
            "avg_GPU_ms": 1000000000.0
        },
        "57x57": {
            "avg_CPU_ms": 5.903354333333334,
            "avg_GPU_ms": 1000000000.0
        },
        "58x58": {
            "avg_CPU_ms": 6.287309333333334,
            "avg_GPU_ms": 1000000000.0
        },
        "59x59": {
            "avg_CPU_ms": 7.430535153846155,
            "avg_GPU_ms": 1000000000.0
        },
        "5x5": {
            "avg_CPU_ms": 0.007119,
            "avg_GPU_ms": 1000000000.0
        },
        "60x60": {
            "avg_CPU_ms": 6.969567700000001,
            "avg_GPU_ms": 1000000000.0
        },
        "61x61": {
            "avg_CPU_ms": 7.512832416666668,
            "avg_GPU_ms": 1000000000.0
        },
        "62x62": {
            "avg_CPU_ms": 8.088416083333334,
            "avg_GPU_ms": 1000000000.0
        },
        "63x63": {
            "avg_CPU_ms": 8.696957857142857,
            "avg_GPU_ms": 1000000000.0
        },
        "64x64": {
            "avg_CPU_ms": 1000000000.0,
            "avg_GPU_ms": 0.061527500000000006
        },
        "65x65": {
            "avg_CPU_ms": 1000000000.0,
            "avg_GPU_ms": 0.03539913333333333
        },
        "66x66": {
            "avg_CPU_ms": 1000000000.0,
            "avg_GPU_ms": 0.0258358
        },
        "67x67": {
            "avg_CPU_ms": 1000000000.0,
            "avg_GPU_ms": 0.028967333333333338
        },
        "68x68": {
            "avg_CPU_ms": 1000000000.0,
            "avg_GPU_ms": 0.12297833333333334
        },
        "69x69": {
            "avg_CPU_ms": 1000000000.0,
            "avg_GPU_ms": 0.02835744444444445
        },
        "6x6": {
            "avg_CPU_ms": 0.009023166666666665,
            "avg_GPU_ms": 1000000000.0
        },
        "70x70": {
            "avg_CPU_ms": 1000000000.0,
            "avg_GPU_ms": 0.032317599999999995
        },
        "71x71": {
            "avg_CPU_ms": 1000000000.0,
            "avg_GPU_ms": 0.05412366666666666
        },
        "72x72": {
            "avg_CPU_ms": 1000000000.0,
            "avg_GPU_ms": 0.033224666666666666
        },
        "73x73": {
            "avg_CPU_ms": 1000000000.0,
            "avg_GPU_ms": 0.03552792857142857
        },